id,first_name,last_name,email,gender,ip_address
1,Lowell,MacDirmid,lmacdirmid0@bloglovin.com,Male,244.142.125.198
2,Janis,Vaar,jvaar1@sourceforge.net,Female,178.105.255.116
3,Pollyanna,Sherrin,psherrin2@ow.ly,Female,51.88.6.157
4,Darrick,Aldren,daldren3@bluehost.com,Male,64.197.168.154
5,Angele,Cossor,acossor4@geocities.jp,Female,101.203.129.43
6,Willabella,Oldall,woldall5@behance.net,Female,204.31.247.233
7,Edgar,Tierny,etierny6@nbcnews.com,Male,212.209.121.191
8,Aluino,Aries,aaries7@uiuc.edu,Male,208.55.249.203
9,Simone,Vernall,svernall8@go.com,Female,32.75.97.179
10,Drusilla,Emett,demett9@va.gov,Female,158.235.124.122
11,Urbano,Lanigan,ulanigana@elegantthemes.com,Male,236.208.152.164
12,Rosemarie,Colbertson,rcolbertsonb@xinhuanet.com,Female,118.120.84.97
13,Casie,Abbison,cabbisonc@springer.com,Female,116.238.128.97
14,Hieronymus,Peasby,hpeasbyd@uol.com.br,Male,203.199.221.197
15,Earlie,Jelfs,ejelfse@hugedomains.com,Male,116.45.184.67
16,Lusa,Barmadier,lbarmadierf@vk.com,Female,24.183.38.88
17,Yardley,Greeveson,ygreevesong@cisco.com,Male,16.253.218.118
18,Gerhardt,Iacovielli,giacoviellih@ameblo.jp,Male,57.182.49.190
19,Frayda,Easterby,feasterbyi@umich.edu,Female,85.25.71.106
20,Emili,Rankcom,erankcomj@discuz.net,Female,55.74.187.67
21,Clotilda,Riding,cridingk@google.com,Female,232.238.12.37
22,Kristan,McNee,kmcneel@yahoo.com,Female,67.136.151.1
23,Winonah,Padginton,wpadgintonm@microsoft.com,Female,9.126.153.141
24,Fabio,Foystone,ffoystonen@hexun.com,Male,211.205.22.244
25,Jacqui,Sizzey,jsizzeyo@desdev.cn,Female,21.13.190.122
26,Nanice,Skewes,nskewesp@lulu.com,Female,40.1.160.220
27,Joanne,Weber,jweberq@macromedia.com,Female,38.28.132.147
28,Burnard,Oseland,boselandr@over-blog.com,Male,87.139.145.218
29,Rochell,Impey,rimpeys@deliciousdays.com,Female,87.78.84.63
30,Morry,Ovitz,movitzt@hugedomains.com,Male,148.51.192.228
31,Cassandre,Folke,cfolkeu@symantec.com,Female,29.199.91.59
32,Donetta,Cazalet,dcazaletv@posterous.com,Female,190.95.61.56
33,Analiese,Swate,aswatew@cloudflare.com,Female,73.23.82.212
34,Robb,Artus,rartusx@state.tx.us,Male,238.163.125.150
35,Randolf,Fearick,rfearicky@ning.com,Male,134.117.123.2
36,Bunnie,Letts,blettsz@instagram.com,Female,155.158.17.49
37,Averil,Houtby,ahoutby10@paginegialle.it,Male,58.148.77.233
38,Lynde,Torregiani,ltorregiani11@house.gov,Female,198.213.79.113
39,Kin,Thorsen,kthorsen12@alexa.com,Male,185.90.218.41
40,Bernadene,Feakins,bfeakins13@telegraph.co.uk,Female,43.233.53.65
41,Lazaro,Piggot,lpiggot14@pagesperso-orange.fr,Male,149.217.64.155
42,Nickey,Eberz,neberz15@dyndns.org,Male,173.254.96.255
43,Jeremiah,Eidelman,jeidelman16@google.es,Male,231.8.160.40
44,Loy,Swarbrick,lswarbrick17@mozilla.com,Male,240.163.61.85
45,Justis,Glazebrook,jglazebrook18@google.cn,Male,242.137.106.138
46,Adam,Reddell,areddell19@last.fm,Male,121.52.195.76
47,Kilian,Bayley,kbayley1a@jiathis.com,Male,107.186.122.3
48,Oralee,Ronan,oronan1b@hibu.com,Female,64.65.112.112
49,Meade,Oxherd,moxherd1c@last.fm,Male,230.173.61.127
50,Gilemette,Roobottom,groobottom1d@elegantthemes.com,Female,139.58.54.247
51,Stefanie,Deer,sdeer1e@oaic.gov.au,Female,222.29.104.13
52,Terrie,Wythill,twythill1f@eepurl.com,Female,172.43.51.196
53,Lalo,Onion,lonion1g@alexa.com,Male,52.180.88.105
54,Lilas,Arrington,larrington1h@ed.gov,Female,230.68.64.74
55,Cary,Jurzyk,cjurzyk1i@scientificamerican.com,Female,107.120.70.250
56,Meyer,Vogl,mvogl1j@china.com.cn,Male,81.59.2.94
57,Wolf,Duncan,wduncan1k@bravesites.com,Male,199.47.98.104
58,Asa,Costelow,acostelow1l@wix.com,Male,167.165.216.134
59,Raf,Birkenshaw,rbirkenshaw1m@digg.com,Female,178.255.26.80
60,Patsy,Castello,pcastello1n@quantcast.com,Female,255.172.35.37
61,Stan,Galley,sgalley1o@fastcompany.com,Male,14.210.46.144
62,Kali,Cathesyed,kcathesyed1p@wp.com,Female,208.132.202.48
63,Rupert,Marco,rmarco1q@cnbc.com,Male,248.145.113.24
64,Myrta,Delue,mdelue1r@moonfruit.com,Female,219.187.126.189
65,Fabiano,Steptoe,fsteptoe1s@bloglovin.com,Male,24.190.70.25
66,Reginauld,Fuente,rfuente1t@mediafire.com,Male,188.30.32.215
67,Tera,Vedekhov,tvedekhov1u@squidoo.com,Female,229.60.171.126
68,Anne-corinne,Calleja,acalleja1v@networksolutions.com,Female,153.20.171.152
69,Duky,Terrett,dterrett1w@buzzfeed.com,Male,103.32.225.198
70,Rosalinde,Trewhella,rtrewhella1x@ocn.ne.jp,Female,138.240.28.217
71,Peggy,Beavon,pbeavon1y@multiply.com,Female,215.230.137.81
72,Nelie,Craigmyle,ncraigmyle1z@nydailynews.com,Female,68.73.249.196
73,Ebba,Binnell,ebinnell20@wordpress.org,Female,225.7.123.215
74,Ozzie,Bernardt,obernardt21@google.co.jp,Male,108.226.248.143
75,Emmaline,Fotheringham,efotheringham22@webmd.com,Female,104.159.118.72
76,Cynthea,MacGow,cmacgow23@odnoklassniki.ru,Female,134.99.226.183
77,Herbert,Sutherden,hsutherden24@ucla.edu,Male,77.193.85.139
78,Rollins,Shelbourne,rshelbourne25@weebly.com,Male,77.56.81.2
79,Morie,Mayall,mmayall26@aboutads.info,Male,220.186.17.225
80,Harmonia,Dilger,hdilger27@wufoo.com,Female,63.22.75.245
81,Patrizio,Petrenko,ppetrenko28@patch.com,Male,236.22.26.10
82,Trstram,Wase,twase29@a8.net,Male,225.93.135.33
83,Israel,Jell,ijell2a@wp.com,Male,43.15.148.14
84,Aubrie,Josephov,ajosephov2b@stanford.edu,Female,206.52.195.183
85,Orran,Drinkhall,odrinkhall2c@ucsd.edu,Male,177.9.23.39
86,Ginni,Fitt,gfitt2d@diigo.com,Female,138.2.173.206
87,Sam,Eaden,seaden2e@com.com,Female,245.136.74.242
88,Lauren,Orgee,lorgee2f@cdc.gov,Male,96.79.128.92
89,Eziechiele,Siberry,esiberry2g@freewebs.com,Male,172.136.254.202
90,Byrle,Ortells,bortells2h@hhs.gov,Male,22.110.166.10
91,Viola,Sheryn,vsheryn2i@wikimedia.org,Female,42.179.231.119
92,Andros,Caffin,acaffin2j@gmpg.org,Male,84.208.30.56
93,Haskel,Lahiff,hlahiff2k@ft.com,Male,211.216.72.127
94,Debby,Pudsey,dpudsey2l@clickbank.net,Female,109.86.125.141
95,Des,Markie,dmarkie2m@google.ru,Male,60.118.212.178
96,Cara,Smail,csmail2n@wp.com,Female,253.240.192.195
97,Valentijn,Slowcock,vslowcock2o@amazon.co.uk,Male,119.31.79.171
98,Susan,Roncelli,sroncelli2p@ovh.net,Female,184.133.127.6
99,Zed,Cheeney,zcheeney2q@tinypic.com,Male,151.11.143.85
100,Dniren,Rowbottam,drowbottam2r@boston.com,Female,182.73.42.239
